{"cameraMode":{"drawMode":0,"name":"Shaded","section":"Shading Mode"},"sceneLighting":false,"audioPlay":false,"sceneViewState":{"showFog":true,"showMaterialUpdate":false,"showSkybox":false,"showFlares":true,"showImageEffects":true,"showParticleSystems":true},"in2DMode":false,"pivot":{"x":0.3909090757369995,"y":1.3488361835479737,"z":-0.3619386553764343},"rotation":{"x":0.054331447929143909,"y":-0.9039354920387268,"z":0.1207631453871727,"w":0.40670347213745119},"size":0.5774964094161987,"orthographic":false}