{"cameraMode":{"drawMode":0,"name":"Shaded","section":"Shading Mode"},"sceneLighting":false,"audioPlay":false,"sceneViewState":{"showFog":true,"showMaterialUpdate":false,"showSkybox":false,"showFlares":true,"showImageEffects":true,"showParticleSystems":true},"in2DMode":false,"pivot":{"x":0.013921618461608887,"y":1.9872549772262574,"z":-0.03561154007911682},"rotation":{"x":-0.0674087256193161,"y":0.8552470803260803,"z":-0.11512838304042816,"w":-0.5007585883140564},"size":1.9214050769805909,"orthographic":false}