{"cameraMode":{"drawMode":0,"name":"Shaded","section":"Shading Mode"},"sceneLighting":false,"audioPlay":false,"sceneViewState":{"showFog":true,"showMaterialUpdate":false,"showSkybox":false,"showFlares":true,"showImageEffects":true,"showParticleSystems":true},"in2DMode":false,"pivot":{"x":193.63818359375,"y":28.437889099121095,"z":-6.268798828125},"rotation":{"x":0.13326436281204225,"y":0.7613916993141174,"z":-0.1657663732767105,"w":0.6125625967979431},"size":7.301965236663818,"orthographic":false}