{"cameraMode":{"drawMode":0,"name":"Shaded","section":"Shading Mode"},"sceneLighting":true,"audioPlay":false,"sceneViewState":{"showFog":true,"showMaterialUpdate":false,"showSkybox":true,"showFlares":true,"showImageEffects":true,"showParticleSystems":true},"in2DMode":false,"pivot":{"x":-0.3764815330505371,"y":4.421725749969482,"z":1.9782264232635499},"rotation":{"x":0.20386914908885957,"y":0.7778127789497376,"z":-0.31357550621032717,"w":0.5052506327629089},"size":6.279630661010742,"orthographic":false}