{"cameraMode":{"drawMode":0,"name":"Shaded","section":"Shading Mode"},"sceneLighting":false,"audioPlay":false,"sceneViewState":{"showFog":true,"showMaterialUpdate":false,"showSkybox":false,"showFlares":true,"showImageEffects":true,"showParticleSystems":true},"in2DMode":false,"pivot":{"x":-0.000658869743347168,"y":1.107800841331482,"z":-0.002230599522590637},"rotation":{"x":0.2917880117893219,"y":0.15134765207767487,"z":-0.04684906825423241,"w":0.9432889223098755},"size":0.900063157081604,"orthographic":true}