{"cameraMode":{"drawMode":0,"name":"Shaded","section":"Shading Mode"},"sceneLighting":true,"audioPlay":false,"sceneViewState":{"showFog":true,"showMaterialUpdate":false,"showSkybox":true,"showFlares":true,"showImageEffects":true,"showParticleSystems":true},"in2DMode":false,"pivot":{"x":9.998705863952637,"y":-1.0398468971252442,"z":-3.4131038188934328},"rotation":{"x":0.01774510182440281,"y":0.8595949411392212,"z":-0.5098015069961548,"w":0.02992885187268257},"size":15.276531219482422,"orthographic":false}