{"cameraMode":{"drawMode":0,"name":"Shaded","section":"Shading Mode"},"sceneLighting":false,"audioPlay":false,"sceneViewState":{"showFog":true,"showMaterialUpdate":false,"showSkybox":false,"showFlares":true,"showImageEffects":true,"showParticleSystems":true},"in2DMode":false,"pivot":{"x":0.03251326084136963,"y":1.5093920230865479,"z":-0.005778312683105469},"rotation":{"x":0.09183134883642197,"y":0.7366217374801636,"z":-0.10217714309692383,"w":0.6622769236564636},"size":1.8490796089172364,"orthographic":false}