{"cameraMode":{"drawMode":0,"name":"Shaded","section":"Shading Mode"},"sceneLighting":false,"audioPlay":false,"sceneViewState":{"showFog":true,"showMaterialUpdate":false,"showSkybox":false,"showFlares":true,"showImageEffects":true,"showParticleSystems":true},"in2DMode":false,"pivot":{"x":0.004734665155410767,"y":1.421149492263794,"z":-8.003938674926758},"rotation":{"x":-0.3535861074924469,"y":0.33368951082229617,"z":-0.13670776784420014,"w":-0.86311936378479},"size":1.6191524267196656,"orthographic":false}